product_name,brand,price,ram,storage,screen_size,resolution,chipset,os,rear_camera,front_camera,battery,dimensions,weight,rating_value,rating_count,image_url
Xiaomi Redmi Note 15 Pro 5G,Xiaomi,9349000,12,256,6.83,1280x2772,Dimensity 7400-Ultra 8 nhân,Xiaomi HyperOS 2.2,Chính 200MP & Phụ 8 MP,20 MP,6580,163.61x78.09x7.96,204,5,1,https://www.duchuymobile.com/images/detailed/89/redmi-note-15-pro-5g-xam.png
Realme P4 Power 5G,Realme,7919000,8,128,6.8,1280x2800,Dimensity 7400 Ultra (4 nm),"Android 16, Realme UI 7.0",50 + 8 MP,"16 MP, f/2.4",10001,162.3x76.2x9.1,219,5,1,https://www.duchuymobile.com/images/detailed/89/realme-p4-power.jpg
OPPO A6T 5G,OPPO,4999000,4,128,6.75,720x1570,Dimensity 6300 (6 nm),Android 15,"50 MP, Auxiliary lens",5MP,6500,166.6x78.5x8.6,212,5,1,https://www.duchuymobile.com/images/detailed/89/oppo-a6t-5g.jpg
Nubia V80 Max,Nubia,2669000,8,128,6.9,729x1640,Unisoc T7250,Android 16,50 MP + 2 MP,16MP,6000,171.8x78.4x8.5,191,5,1,https://www.duchuymobile.com/images/detailed/89/nubia-v80-max-den.jpg
Nubia V80 Max,Nubia,2939000,8,256,6.9,729x1640,Unisoc T7250,Android 16,50 MP + 2 MP,16MP,6000,171.8x78.4x8.5,191,5,1,https://www.duchuymobile.com/images/detailed/89/nubia-v80-max-bac.jpg
Nubia V80 Design,Nubia,2939000,8,256,6.75,900x1940,Unisoc T7280 (12 nm),Android 16,50 MP + 2 MP,16MP,5000,166x79x7.7,191,5,1,https://www.duchuymobile.com/images/detailed/89/nubia-v80-design-den.jpg
Motorola Moto G67 5G,Motorola,7099000,4,128,6.78,1272x2772,Dimensity 6300 (6 nm),Android 16,50 + 8 MP,32 MP,5200,164.2x77.4x7.3,182,5,1,https://www.duchuymobile.com/images/detailed/89/motorola-moto-g67.jpg
Xiaomi POCO M8 5G,Xiaomi,6829000,8,512,6.77,1080x2392,Snapdragon 6 Gen 3 (4 nm),Xiaomi HyperOS 2,50 + 2 MP,20 MP,5520,164x75.42x7.35,178,5,1,https://www.duchuymobile.com/images/detailed/89/poco-m8-bac.jpg
Xiaomi POCO X7 Pro 5G,Xiaomi,9349000,12,512,6.67,2712x1220,Dimensity 8400-Ultra 4nm,Xiaomi HyperOS 2,2 Camera 50 + 8 MP,20MP,6000,160.75x8.29x8.43,195,5,1,https://www.duchuymobile.com/images/detailed/89/poco-x7-pro-den.jpg
Xiaomi POCO C85 5G,Xiaomi,3519000,4,128,6.9,720x1600,Dimensity 6300 (6 nm),"Android 15, HyperOS 2",50 MP + Ống kính phụ,8MP,6000,173.2x81.1x8,211,5,1,https://www.duchuymobile.com/images/detailed/88/poco-c85-5g.jpg
Motorola Moto G77 5G,Motorola,8899000,8,128,6.78,1272x2772,Dimensity 6400 (6 nm),Android 16,108 + 8 MP,32MP,5200,164.2x77.4x7.3,182,5,1,https://www.duchuymobile.com/images/detailed/89/motorola-moto-g77.jpg
Xiaomi POCO M8 Pro 5G,Xiaomi,10249000,12,512,6.83,1280x2772,Snapdragon 7s Gen 4,Xiaomi HyperOS 2,50 + 8 MP,32 MP,6500,163.34x78.31x8.31,205.9,5,1,https://www.duchuymobile.com/images/detailed/89/poco-m8-pro-5g-den.jpg
Realme 16 Pro Plus 5G,Realme,11649000,8,128,6.8,1280x2800,Snapdragon 7 Gen 4 (4 nm),"Android 16, Realme UI 7.0",200 + 50 + 8 MP,50 MP,7000,162.5x76.3x8.1,198,5,1,https://www.duchuymobile.com/images/detailed/89/realme-16-pro-plus-vang.jpg
ZTE Nubia Fold 5G,Nubia,30199000,12,256,8,2200x2480,Snapdragon 8 Elite (3 nm),Android 15,50 + 50 + 5 MP,20 + 20 MP,6560,160x144x5.4,249,5,1,https://www.duchuymobile.com/images/detailed/88/zte-nubia-fold.jpg
Nubia S2 5G,Nubia,1999000,6,128,6.7,,UNISOC T8100,Android,50 + 5 MP,Có,5100,,,5,1,https://www.duchuymobile.com/images/detailed/88/nubia-s2.jpg
vivo Y21d,Vivo,5699000,6,256,6.68,608x720,Unisoc T7225 (12nm),Android 15,50 + 0.08 MP,5 MP,6.500,,,5,1,https://www.duchuymobile.com/images/detailed/87/vivo-y21d-tim_guwa-is.jpg
Xiaomi 17 Ultra 5G,Xiaomi,31829000,16,1024,6.9,1200x2608,Snapdragon 8 Elite Gen 5 (3 nm),"Android 16, HyperOS 3",50 + 200 + 50 MP,50 MP,6800,162.9x77.6x8.5,230,5,1,https://www.duchuymobile.com/images/detailed/88/xiaomi-17-ultra-5g-tim.jpg
Huawei Mate 80 Pro Max 5G,Huawei,29669000,16,512,6.9,1320x2848,Kirin 9030 Pro,HarmonyOS 6.0,50 + 50  50 + 40 MP,"13 MP, f/2.0 + TOF 3D",6000,164.4x79x8.3,239,5,1,https://www.duchuymobile.com/images/detailed/88/huawei-mate-80-pro-max.jpg
Nubia V80 Design,Nubia,2669000,8,128,6.75,900x1940,Unisoc T7280 (12 nm),Android 16,50 MP + 2 MP,16MP,5000,166x79x7.7,191,5,1,https://www.duchuymobile.com/images/detailed/87/nubia-v80-design.jpg
Realme 15 5G,Realme,9349000,12,256,6.77,1080x2392,Dimensity 7300+ 5G 8 nhân,Android 15,"Chính 50 MP & Phụ 50 MP, 8 MP",50 MP,7000,163.34x75.88x7.66,185,5,1,https://www.duchuymobile.com/images/detailed/85/realme-15-5g-hong.jpg
vivo Y21d,Vivo,5069000,6,128,6.68,608x720,Unisoc T7225 (12nm),Android 15,50 + 0.08 MP,5 MP,6.500,,,5,1,https://www.duchuymobile.com/images/detailed/87/vivo-y21d-den.jpg
Xiaomi 17 Ultra 5G,Xiaomi,26199000,16,512,6.9,1200x2608,Snapdragon 8 Elite Gen 5 (3 nm),"Android 16, HyperOS 3",50 + 200 + 50 MP,50 MP,6800,162.9x77.6x8.5,230,5,1,https://www.duchuymobile.com/images/detailed/88/xiaomi-17-ultra-dh.jpg
vivo X200T 5G,Vivo,17079000,12,256,6.67,1260x2800,Dimensity 9400+ (3 nm),"Android 16, OriginOS 6",50 + 50 + 50 MP,"32 MP, f/2.0",6200,160x74.3x8,203,5,1,https://www.duchuymobile.com/images/detailed/89/vivo-x200t.jpg
Realme 15T 5G,Realme,7999000,12,256,6.57,1080x2372,Dimensity 6400 Max,Android 15,"Chính 50 MP & Phụ 50 MP, 2 MP",50 MP,7000,158.36x75.19x7.79,181,5,1,https://www.duchuymobile.com/images/detailed/85/realme-15t-bac.jpg
Realme 16 5G,Realme,9399000,8,256,6.57,2372x1080,Dimensity 6400 Turbo 8 nhân,Android 16,Chính 50 MP & Phụ 2 MP,50MP,7000,158.3x75.13x8.1,183,5,1,https://www.duchuymobile.com/images/detailed/89/realme-16-trang.jpg
Realme 16 Pro 5G,Realme,12049000,12,256,6.78,1272x2772,Dimensity 7300 Max 8 nhân,Android 16,200 + 8 MP,50 MP,7000,162.6x77.6x7.75,Khoản,5,1,https://www.duchuymobile.com/images/detailed/89/realme-16-pro-5g.jpg
Tecno Spark 40C,Tecno,2899000,8,256,6.67,720x1600,MediaTek Helio G81,Android 15,13 MP,8 MP,6000,165.66x77x8.25,193,5,1,https://www.duchuymobile.com/images/detailed/85/tecno-spark-40c-trang.jpg
Xiaomi 17 Pro Max 5G,Xiaomi,25899000,16,1024,6.9,1200x2608,Snapdragon 8 Elite Gen 5 (3 nm),"Android 16, HyperOS 3",Leica lens 50+50+50 MP,"50 MP, f/2.2, 21mm (wide), PDAF",si/c li-ion 7500,162.9x77.6x8,219,5,1,https://www.duchuymobile.com/images/detailed/85/xiaomi-17-pro-max-1tb.png
Xiaomi 17 Pro Max 5G,Xiaomi,23299000,16,512,6.9,1200x2608,Snapdragon 8 Elite Gen 5 (3 nm),"Android 16, HyperOS 3",Leica lens 50+50+50 MP,"50 MP, f/2.2, 21mm (wide), PDAF",si/c li-ion 7500,162.9x77.6x8,219,5,1,https://www.duchuymobile.com/images/detailed/85/xiaomi-17-pro-max-ram-16gb.png
iPhone 17 Pro 1TB,Apple,42999000,12,1024,6.3,1206x2622,Apple A19 Pro,iOS 26,48 + 48 + 48 MP,"18 MP multi-aspect, f/1.9, (wide), PDAF, OIS",31 giờ,150x71.9x8.75,204,5,3,https://www.duchuymobile.com/images/detailed/84/iphone-17-pro-xanh-dam.jpg
iPhone 17 Pro Max 1TB,Apple,48599000,12,1024,6.9,1320x2868,Apple A19 Pro,iOS 26,48 + 48 + 48 MP,Camera 18MP Center Stage Khẩu độ ƒ/1.9,đến 37 giờ,163.4x78x8.75,231,5,3,https://www.duchuymobile.com/images/detailed/84/iphone-17-pro-max-xanh-dam.jpg
iPhone Air 512GB,Apple,34999000,12,512,6.5,1260x2736,Apple A19 Pro (3 nm),iOS 26,48 MP,"18 MP multi-aspect, f/1.9, (wide), PDAF, OIS",27 giờ,156.2x74.7x5.64,,5,3,https://www.duchuymobile.com/images/detailed/84/iphone-air-den.jpg
iPhone 17 512GB,Apple,29999000,8,512,6.3,1206x2622,Apple A19 (3 nm),iOS 26,48 + 48 MP,"18 MP multi-aspect, f/1.9, (wide), PDAF, OIS",30 giờ,149.6x71.5x7.95,,5,3,https://www.duchuymobile.com/images/detailed/84/iphone-17-den.jpg
iPhone 17 Pro 512GB,Apple,38699000,12,512,6.3,1206x2622,Apple A19 Pro,iOS 26,48 + 48 + 48 MP,"18 MP multi-aspect, f/1.9, (wide), PDAF, OIS",31 giờ,150x71.9x8.75,204,5,3,https://www.duchuymobile.com/images/detailed/84/iphone-17-pro-bac.jpg
iPhone 17 Pro Max 512GB,Apple,41999000,12,512,6.9,1320x2868,Apple A19 Pro,iOS 26,48 + 48 + 48 MP,Camera 18MP Center Stage Khẩu độ ƒ/1.9,đến 37 giờ,163.4x78x8.75,231,5,3,https://www.duchuymobile.com/images/detailed/84/iphone-17-pro-max-bac.jpg
OPPO Reno 15 Pro Max,OPPO,20899000,12,512,6.78,,Dimensity 8450,"Android 16, ColorOS 16",200 + 50 + 50 MP,50MP,6500,,,5,1,https://www.duchuymobile.com/images/detailed/88/oppo-reno-15-pro-max.jpg
Motorola Edge 70 5G,Motorola,24529000,12,512,6.7,1220x2712,Snapdragon 7 Gen 4 (4 nm),Android 16,50 + 50 MP,50 MP,4800,159.9x74x6,159,5,1,https://www.duchuymobile.com/images/detailed/87/motorola-edge-70.jpg
Xiaomi Poco M7 4G,Xiaomi,4239000,8,256,6.9,1080x2340,Snapdragon 685 (6 nm),Xiaomi HyperOS 2,Camera chính 50MP + Ống kính 5P,"8 MP, f/2.0",7000,169.48x80.45x8.40,214,5,1,https://www.duchuymobile.com/images/detailed/86/xiaomi-poco-m7-4g-den.jpg
iPhone Air 256GB,Apple,27999000,12,256,6.5,1260x2736,Apple A19 Pro (3 nm),iOS 26,48 MP,"18 MP multi-aspect, f/1.9, (wide), PDAF, OIS",27 giờ,156.2x74.7x5.64,,5,3,https://www.duchuymobile.com/images/detailed/84/iphone-air-xanh-da-troi.jpg
iPhone 17 Pro 256GB,Apple,32399000,12,256,6.3,1206x2622,Apple A19 Pro,iOS 26,48 + 48 + 48 MP,"18 MP multi-aspect, f/1.9, (wide), PDAF, OIS",31 giờ,150x71.9x8.75,204,5,3,https://www.duchuymobile.com/images/detailed/84/iphone-17-pro-cam.jpg
iPhone 17 256GB,Apple,23999000,8,256,6.3,1206x2622,Apple A19 (3 nm),iOS 26,48 + 48 MP,"18 MP multi-aspect, f/1.9, (wide), PDAF, OIS",30 giờ,149.6x71.5x7.95,,5,3,https://www.duchuymobile.com/images/detailed/84/iphone-17-tim.jpg
Xiaomi Redmi 15C,Xiaomi,2699000,4,128,6.9,720x1600,Helio G81 Ultra (12 nm),Xiaomi HyperOS 2,Chính 50 MP & Phụ QVGA,8 MP,6000,171.56x79.47x7.99,205,5,4,https://www.duchuymobile.com/images/detailed/83/xiaomi-redmi-15c.jpg
Vivo V60 Lite 5G,Vivo,10699000,12,512,6.77,1080x2392,Dimensity 7360 Turbo,Android 15,Chính 50 MP & Phụ 8 MP,32MP,6500,163.77x76.28x7.59,194,5,1,https://www.duchuymobile.com/images/detailed/86/vivo-v60-lite-5g-den.jpg
OPPO Find X9 Pro 5G,OPPO,26999000,16,512,6.78,1272x2772,Dimensity 9500 8 nhân,Android 16,"Chính 50 MP & Phụ 200 MP, 50 MP, 2 MP",50 MP,7550,161.26x76.46x8.25,224,5,3,https://www.duchuymobile.com/images/detailed/86/oppo-find-x9-pro-trang.jpg
Xiaomi Redmi 15C,Xiaomi,2899000,6,128,6.9,720x1600,Helio G81 Ultra (12 nm),Xiaomi HyperOS 2,Chính 50 MP & Phụ QVGA,8 MP,6000,171.56x79.47x7.99,205,5,3,https://www.duchuymobile.com/images/detailed/86/xiaomi-redmi-15c-4g-xanh-duong.jpg
Samsung W26,Samsung,62699000,16,512,8,2184x1968,Snapdragon 8 Elite (3 nm),Android 16,200 MP + 10 MP +12 MP,Trong 10 MP & Ngoài 10 MP,4400,,,5,1,https://www.duchuymobile.com/images/detailed/86/samsung-w26-dh.jpg
OPPO Find X9 5G,OPPO,19999000,16,512,6.59,1256x2760,Dimensity 9500 8 nhân,Android 16,"Chính 50 MP & Phụ 50 MP, 50 MP, 2 MP",32 MP,7.025,156.98x73.93x7.99,203,5,3,https://www.duchuymobile.com/images/detailed/86/oppo-find-x9-mau-do.jpg
Google Pixel 10 Pro XL 5G,Google,34799000,16,512,6.8,1344x2992,Google Tensor G5 (4 nm),"Android 16, up to 7 major Android upgrades",3 Camera (50 + 48 + 48 MP),"42 MP, f/2.2",5200,162.8x76.6x8.5,232,5,1,https://www.duchuymobile.com/images/detailed/83/google-pixel-10-pro-xl-jade.jpg
Google Pixel 10 Pro XL 5G,Google,40799000,16,1024,6.8,1344x2992,Google Tensor G5 (4 nm),"Android 16, up to 7 major Android upgrades",3 Camera (50 + 48 + 48 MP),"42 MP, f/2.2",5200,162.8x76.6x8.5,232,5,1,https://www.duchuymobile.com/images/detailed/83/google-pixel-10-pro-xl-moonstone.jpg
Xiaomi Redmi Note 15,Xiaomi,4039000,8,128,6.77,1080x2392,Helio G100-Ultra 8 nhân,Xiaomi HyperOS 2,Chính 108 MP & Phụ 2 MP,20 MP,6000,164.03x75.42x7.94,183.7,5,3,https://www.duchuymobile.com/images/detailed/89/redmi-note-15-xanh.png
Xiaomi Redmi Note 15,Xiaomi,5299000,8,256,6.77,1080x2392,Helio G100-Ultra 8 nhân,Xiaomi HyperOS 2,Chính 108 MP & Phụ 2 MP,20 MP,6000,164.03x75.42x7.94,183.7,5,4,https://www.duchuymobile.com/images/detailed/89/redmi-note-15-den.png
Xiaomi Redmi Note 15 Pro 5G,Xiaomi,10249000,12,512,6.83,1280x2772,Dimensity 7400-Ultra 8 nhân,Xiaomi HyperOS 2.2,Chính 200MP & Phụ 8 MP,20 MP,6580,163.61x78.09x7.96,204,5,3,https://www.duchuymobile.com/images/detailed/89/redmi-note-15-pro-5g-den.png
Honor X7d 4G,HONOR,4399000,8,256,6.77,720x1610,Snapdragon 685 8 nhân,Android 15,108 + 2 MP,8MP,6500,166.89x76.8x8.24,208,5,3,https://www.duchuymobile.com/images/detailed/86/honor-x7d-vang.jpg
OPPO F31 Pro Plus 5G,OPPO,9799000,8,,6.79,,Snapdragon 7 Gen 3,"Android 15, ColorOS 15",50 + 2 MP,32MP,7000,,,5,1,https://www.duchuymobile.com/images/detailed/85/oppo-f31-pro-plus-5g.jpg
Oppo A6 5G,OPPO,5949000,8,256,6.57,,Dimensity 6300,"Android 15, ColorOS 15",50 + 2 MP,16MP,7000,,,5,1,https://www.duchuymobile.com/images/detailed/87/oppo-a6-5g.jpg
Xiaomi POCO M8 5G,Xiaomi,5749000,8,256,6.77,1080x2392,Snapdragon 6 Gen 3 (4 nm),Xiaomi HyperOS 2,50 + 2 MP,20 MP,5520,164x75.42x7.35,178,5,1,https://www.duchuymobile.com/images/detailed/89/poco-m8-den.jpg
Xiaomi POCO M8 Pro 5G,Xiaomi,8899000,8,256,6.83,1280x2772,Snapdragon 7s Gen 4,Xiaomi HyperOS 2,50 + 8 MP,32 MP,6500,163.34x78.31x8.31,205.9,5,1,https://www.duchuymobile.com/images/detailed/89/poco-m8-pro.jpg
Vivo V60 Lite 5G,Vivo,8449000,8,256,6.77,1080x2392,Dimensity 7360 Turbo,Android 15,Chính 50 MP & Phụ 8 MP,32MP,6500,163.77x76.28x7.59,194,5,3,https://www.duchuymobile.com/images/detailed/86/vivo-v60-lite-5g.jpg
Honor 500 5G,HONOR,10199000,12,256,6.55,1264x2736,Snapdragon 8s Gen 4 (4 nm),"Android 16, MagicOS 10",200 + 12 MP,50 MP,8000,155.8x74.2x7.8,198,5,1,https://www.duchuymobile.com/images/detailed/87/honor-500-xanh.jpg
Honor 500 Pro 5G,HONOR,13359000,12,256,6.55,1264x2736,Snapdragon 8 Elite (3 nm),"Android 16, MagicOS 10",200 + 50 + 12 MP,50 MP,8000,155.8x74.2x7.8,201,5,1,https://www.duchuymobile.com/images/detailed/87/honor-500-pro-den.jpg
Samsung Galaxy S25 FE 5G,Samsung,10699000,8,128,6.7,1080x2340,Exynos 2400 (4 nm),"Android 16, One UI 8",50 + 8 + 12 MP (3 Camera),"12 MP, f/2.2",4900,161.3x76.6x7.4,190,5,3,https://www.duchuymobile.com/images/detailed/84/galaxy-s25-fe-xanh-navy.jpg
Huawei Mate XTs,Huawei,66499000,16,256,1,,Kirin 9020,HarmonyOS 5,40 + 50 + 12 MP,8 MP f/2.2,5600,,,5,1,https://www.duchuymobile.com/images/detailed/84/huawei-mate-xts.jpg
Xiaomi 15T Pro 5G,Xiaomi,15699000,12,1024,6.83,1280x2772,Dimensity 9400+ (3 nm),"Android 15, HyperOS 2",50 + 50 + 12 MP Leica lens,"32 MP, (wide)",5500,162.7x77.9x7.96,210,5,3,https://www.duchuymobile.com/images/detailed/85/xiaomi-15t-pro-vang-mocha_577c-xn.jpg
Xiaomi POCO C85,Xiaomi,2999000,"8, Hỗ trợ mở rộng RAM ảo",256,6.9,720x1600,Helio G81 Ultra (12 nm),Xiaomi HyperOS 2,50 MP + Ống kính phụ,8MP,6000,171.56x79.47x7.99,205,5,4,https://www.duchuymobile.com/images/detailed/84/poco-c85-tim.jpg
HONOR X7d 5G,HONOR,5389000,8,256,6.77,720x1610,Snapdragon 6s Gen 3,Android 15,50 + 2 MP,8MP,6500,166.89x76.8x8.24,208,5,1,https://www.duchuymobile.com/images/detailed/87/honor-x7d-5g-bac.jpg
Tecno Spark 40,Tecno,3379000,8,256,6.67,720x1600,Helio G81,Android 15,50MP,8 MP,5200,165.6x77x7.67,188,5,1,https://www.duchuymobile.com/images/detailed/84/tecno-spark-40-den.jpg
Ốp Lưng Silicon MagSafe cho iPhone 17 Pro,Apple,1259000,,,,,,,,,,,,5,1,https://www.duchuymobile.com/images/detailed/87/op-lung-silicon-magsafe-cho-iphone-17-pro-tim.jpg
Ốp Lưng Silicon MagSafe cho iPhone 17,Apple,1259000,,,,,,,,,,,,5,1,https://www.duchuymobile.com/images/detailed/87/op-lung-silicon-magsafe-cho-iphone-17-vang.jpg
Ốp Lưng Trong Suốt MagSafe cho iPhone 17 Pro,Apple,1099000,,,,,,,,,,,,5,1,https://www.duchuymobile.com/images/detailed/87/op-lung-trong-suot-magsafe-cho-iphone-17-pro-max-cam.jpg
Ốp Lưng Trong Suốt MagSafe cho iPhone 17,Apple,1099000,,,,,,,,,,,,5,1,https://www.duchuymobile.com/images/detailed/87/op-lung-trong-suot-magsafe-cho-iphone-17.jpg
Tecno Spark Go 3,Tecno,2599000,4,64,6.74,720x1600,Unisoc T7250 (12 nm),Android 15,13 MP,8 MP,5000,,,5,1,https://www.duchuymobile.com/images/detailed/89/tecno-spark-go-3.jpg
HONOR Play 10,HONOR,1599000,3,64,6.74,720x1600,Helio G81 (12 nm),Android 15 (Go edition),13MP,5MP,5000,167.7x77.7x8.6,189,5,1,https://www.duchuymobile.com/images/detailed/87/honor-play-10.jpg
Nothing Phone 3a Lite,Nothing,7629000,8,128,6.77,1080x2392,Dimensity 7300 Pro (4 nm),"Android 15, Nothing OS 3.5",50 + 8 + 2 MP,"16 MP, f/2.5",5000,164x78x8.3,199,5,1,https://www.duchuymobile.com/images/detailed/87/nothing-phone-3a-lite.jpg
Motorola Moto X70 Air,Motorola,6699000,12,256,6.7,,Snapdragon 7 Gen 4,,50 + 50 MP,Có,4800,,159,5,1,https://www.duchuymobile.com/images/detailed/86/moto-x70-air.jpg
Motorola Moto G100,Motorola,4899000,12,256,6.72,1080x2400,Snapdragon 7s Gen 2 (4 nm),Android 15,50 + 8 MP,32MP,7000,166.2x76.5x8.6,210,5,1,https://www.duchuymobile.com/images/detailed/86/motorola-moto-g100.jpg
Xiaomi Redmi K90 Pro Max 5G,Xiaomi,14769000,12,256,6.9,1200x2608,Snapdragon 8 Elite Gen 5 (3 nm),"Android 16, HyperOS 3",50 + 50 + 50 MP,"32 MP, f/2.2",7560,163.3x77.8x7.9,218,5,1,https://www.duchuymobile.com/images/detailed/86/redmi-k90-pro-max-den.jpg
OPPO Find X9 5G,OPPO,14999000,12,256,6.59,1256x2760,Dimensity 9500 8 nhân,Android 16,"Chính 50 MP & Phụ 50 MP, 50 MP, 2 MP",32 MP,7.025,156.98x73.93x7.99,203,5,1,https://www.duchuymobile.com/images/detailed/87/oppo-find-x9-mau-den.jpg
Vivo X300 Pro 5G,Vivo,23699000,16,512,6.78,1260x2800,Dimensity 9500 (3 nm),Android 16,50 + 200 + 50 MP,"50 MP, f/2.0",6510,161.2x75.5x8,226,5,1,https://www.duchuymobile.com/images/detailed/86/vivo-x300-pro-den_yxsj-8f.jpg
,Huawei,12899000,,256,6.9,480x480,,HarmonyOS 5.1,2 Camera 50 + 8 MP,32MP,4400,,,5,1,https://www.duchuymobile.com/images/detailed/86/huawei-nova-flip-s.jpg
Vivo Y31 5G,Vivo,4499000,4,128,6.67,,Snapdragon 4 Gen 2,"Android 15, Funtouch 15",Camera kép AI 50MP,8 MP,6500,,,5,1,https://www.duchuymobile.com/images/detailed/85/vivo-y31-5g.jpg
Realme P3 Lite 5G,Realme,3139000,4,128,6.67,720x1604,Dimensity 6300 6nm,"Android 15, Realme UI 6.0",32MP,8MP,6000,165.6x76.22x7.94,197,5,1,https://www.duchuymobile.com/images/detailed/85/realme-p3-lite.JPG
Xiaomi 17 Pro Max 5G,Xiaomi,22199000,12,512,6.9,1200x2608,Snapdragon 8 Elite Gen 5 (3 nm),"Android 16, HyperOS 3",Leica lens 50+50+50 MP,"50 MP, f/2.2, 21mm (wide), PDAF",si/c li-ion 7500,162.9x77.6x8,219,5,1,https://www.duchuymobile.com/images/detailed/85/xiaomi-17-pro-max-256gb.png
Vivo Y31 Pro 5G,Vivo,5699000,8,128,6.72,1080x2408,Dimensity 7300 (4 nm),"Android 15, Funtouch 15",50 + 2 MP,8 MP,6500,165.7x76.3x8.1,,5,1,https://www.duchuymobile.com/images/detailed/85/vivo-y31-pro-5g.jpg
Vivo V60e 5G,Vivo,8899000,8,128,6.77,1080x2392,Dimensity 7360 Turbo (4 nm),Android 15,200 + 8 MP,50 MP,6500,163.5x77x7.5,190,5,1,https://www.duchuymobile.com/images/detailed/86/vivo-v60e.jpg
OPPO A6 Pro,OPPO,5599000,8,128,6.57,1080x2372,MediaTek Helio G100,Android 15,50 + 2 MP,16 MP,7000,158.2x75.02x8,188,5,3,https://www.duchuymobile.com/images/detailed/86/oppo-a6-pro-4g-xanh-duong.jpg
Xiaomi 15T Pro 5G,Xiaomi,13899000,12,512,6.83,1280x2772,Dimensity 9400+ (3 nm),"Android 15, HyperOS 2",50 + 50 + 12 MP Leica lens,"32 MP, (wide)",5500,162.7x77.9x7.96,210,5,3,https://www.duchuymobile.com/images/detailed/85/xiaomi-15t-pro-vang-mocha.jpg
OPPO K13s 5G,OPPO,5559000,8,256,6.8,2800x1280,Snapdragon 7 Gen 3 (4nm),"Android 15, ColorOS 15",50 + 2 MP,32MP,7000,,,5,1,https://www.duchuymobile.com/images/detailed/85/oppo-k13s.jpg
Honor X5c Plus,HONOR,2479000,4,64,6.74,720x1600,Helio G81 (12 nm),"Android 15, MagicOS 9",Chính 50 MP & Ống kính phụ,"5 MP, f/2.2",5260,167x77x7.9,186,5,1,https://www.duchuymobile.com/images/detailed/86/honor-x5c-plus-den.jpg
Xiaomi 17 Pro 5G,Xiaomi,22199000,16,1024,6.3,1220x2656,Snapdragon 8 Elite Gen 5 (3 nm),"Android 16, HyperOS 3",Leica lens 50+50+50 MP,"50 MP, f/2.2, 21mm (wide), PDAF",si/c li-ion 6300,151.1x71.8x8,192,5,1,https://www.duchuymobile.com/images/detailed/85/dien-thoai-xiaomi-17-pro-ram-1tb.png
Realme 15x 5G,Realme,5059000,6,128,6.81,720x1570,Dimensity 6300 (6 nm),"Android 15, Realme UI 6.0",50 MP,"50 MP, f/2.4",7000,166.1x77.9x8.3,212,5,1,https://www.duchuymobile.com/images/detailed/86/realme-15x-5g.jpg
Xiaomi Redmi 15C 5G,Xiaomi,4699000,4,128,6.9,720x1600,Dimensity 6300 (6 nm),"Android 15, HyperOS 2",50 MP + Auxiliary lens,8 MP,6000,173.2x81.1x8.2,211,5,1,https://www.duchuymobile.com/images/detailed/85/xiaomi-redmi-15c-5g.jpg
HONOR X9d 5G,HONOR,6999000,8,256,6.79,1200x2640,Snapdragon 6 Gen 4 (4 nm),"Android 15, Magic OS 9",108 + 5 MP,"16 MP, f/2.5, (wide)",8300,161.9x76.1x7.76,193,5,3,https://www.duchuymobile.com/images/detailed/88/honor-x9d-den.jpg
OPPO A6 Pro,OPPO,5999000,8,256,6.57,1080x2372,MediaTek Helio G100,Android 15,50 + 2 MP,16 MP,7000,158.2x75.02x8,188,5,3,https://www.duchuymobile.com/images/detailed/86/oppo-a6-pro-4g-hong.jpg
OPPO A6 Pro 5G,OPPO,7999000,12,256,6.57,1080x2372,Dimensity 6300 5G,Android 15,50 + 2 MP,16 MP,6500,158.2x75.02x8,185,5,1,https://www.duchuymobile.com/images/detailed/86/oppo-a6-pro-5g-hong.jpg
Xiaomi 17 Pro 5G,Xiaomi,20699000,16,512,6.3,1220x2656,Snapdragon 8 Elite Gen 5 (3 nm),"Android 16, HyperOS 3",Leica lens 50+50+50 MP,"50 MP, f/2.2, 21mm (wide), PDAF",si/c li-ion 6300,151.1x71.8x8,192,5,1,https://www.duchuymobile.com/images/detailed/85/dien-thoai-xiaomi-17-pro-ram-16gb.png
Xiaomi 17 Pro 5G,Xiaomi,19459000,12,512,6.3,1220x2656,Snapdragon 8 Elite Gen 5 (3 nm),"Android 16, HyperOS 3",Leica lens 50+50+50 MP,"50 MP, f/2.2, 21mm (wide), PDAF",si/c li-ion 6300,151.1x71.8x8,192,5,1,https://www.duchuymobile.com/images/detailed/85/dien-thoai-xiaomi-17-pro-ram-16gb_kjs5-qz.png
vivo Y50i 5G,Vivo,5559000,6,128,6.74,720x1600,Dimensity 6300 (6 nm),"Android 15, OriginOS 5",13MP,5 MP,6000,,,5,1,https://www.duchuymobile.com/images/detailed/85/vivo-y50i.jpg
Xiaomi 17 Ultra 5G Limited Leica,Xiaomi,29949000,16,512,6.9,1200x2608,Snapdragon 8 Elite Gen 5 (3 nm),"Android 16, HyperOS 3",50 + 200 + 50 MP,50 MP,6800,162.9x77.6x8.5,230,5,1,https://www.duchuymobile.com/images/detailed/88/xiaomi-17-ultra-leica-edition-dh.jpg
OPPO Reno15 5G,OPPO,12899000,12,256,6.59,1256x2760,Snapdragon 7 Gen 4 8 nhân,"Android 16, ColorOS 16","Chính 50 MP & Phụ 50 MP, 8 MP",50 MP,6500,158x74.83x7.89,,5,3,https://www.duchuymobile.com/images/detailed/88/oppo-reno15-5g-trang.jpg
OPPO Reno15 5G,OPPO,11599000,8,256,6.59,1256x2760,Snapdragon 7 Gen 4 8 nhân,"Android 16, ColorOS 16","Chính 50 MP & Phụ 50 MP, 8 MP",50 MP,6500,158x74.83x7.89,,5,3,https://www.duchuymobile.com/images/detailed/88/oppo-reno15-5g-xanh.jpg
OPPO A6t Pro,OPPO,5999000,8,128,6.75,1570x720,Snapdragon685,ColorOS 15.0,50 MP + 2 MP,8MP,7000,,,5,1,https://www.duchuymobile.com/images/detailed/88/oppo-a6t-pro-trang.jpg
Infinix Note Edge 5G,Infinix,5299000,8,128,6.78,1208x2644,Dimensity 7100 (6 nm),"Android 16, XOS 16",50 MP,13 MP,6500,163.1x77.4x7.2,190,5,1,https://www.duchuymobile.com/images/detailed/89/infinix-note-edge.jpg
OPPO Reno15 F 5G,OPPO,9799000,12,256,6.57,1080x2372,Snapdragon 6 Gen 1 5G 8 nhân,ColorOS 16 (Android 16),"Chính 50 MP & Phụ 8 MP, 2 MP",50 MP,7000,158.18x74.93x8.27,,5,3,https://www.duchuymobile.com/images/detailed/88/oppo-reno15f-5g-xanh-duong.jpg
OPPO Reno15 F 5G,OPPO,8899000,8,256,6.57,1080x2372,Snapdragon 6 Gen 1 5G 8 nhân,ColorOS 16 (Android 16),"Chính 50 MP & Phụ 8 MP, 2 MP",50 MP,7000,158.18x74.93x8.27,,5,3,https://www.duchuymobile.com/images/detailed/88/oppo-reno15f-5g-hong.jpg
realme C85,Realme,5169000,8,128,6.8,720x1570,Snapdragon 685 8 nhân,Android 15,Chính 50 MP & Cảm biến Flicker,8MP,7000,166.18x78.03x8.38,212,5,1,https://www.duchuymobile.com/images/detailed/88/realme-c85-xanh.jpg
OPPO A6s 4G,OPPO,4999000,8,128,6.75,,Snapdragon 685,"Android 15, ColorOS 15",50 + 2 MP,16MP,7000,,,5,1,https://www.duchuymobile.com/images/detailed/89/oppo-a6s-4g.jpeg
HONOR Magic 8 Pro Air 5G,HONOR,18839000,12,256,6.31,1216x2640,Dimensity 9500 (3 nm),"Android 16, MagicOS 10",50 + 64 + 50 MP,50 MP,5500,150.5x71.9x6.1,155,5,1,https://www.duchuymobile.com/images/detailed/89/honor-magic-8-pro-air-cam.jpg
Xiaomi Redmi Turbo 5 Max 5G,Xiaomi,9339000,12,256,6.83,1280x2772,Dimensity 9500s (3 nm),"Android 16, HyperOS 3",50MP + 8MP,"20 MP, f/2.2",9000,163x77.9x8.2,219,5,1,https://www.duchuymobile.com/images/detailed/89/redmi-turbo-5-max.jpg
vivo Y31d,Vivo,7099000,8,128,6.75,720x1570,Snapdragon 6s Gen 2,Android 16,Chính 50 MP & Phụ 2 MP,8MP,7200,166.64x78.43x8.39,,5,1,https://www.duchuymobile.com/images/detailed/89/vivo-y31d-128gb.jpeg
vivo Y31d,Vivo,6289000,6,128,6.75,720x1570,Snapdragon 6s Gen 2,Android 16,Chính 50 MP & Phụ 2 MP,8MP,7200,166.64x78.43x8.39,,5,1,https://www.duchuymobile.com/images/detailed/89/vivo-y31d.jpeg
Motorola Signature 5G,Motorola,29999000,12,256,6.8,1264x2780,Snapdragon 8 Gen 5 (3 nm),Android 16,50 + 50 + 50 MP,50 MP,5200,162.1x76.4x7,186,5,1,https://www.duchuymobile.com/images/detailed/89/motorola-signature.jpg
OPPO A6x,OPPO,3649000,4,128,6.75,720x1570,Snapdragon 685 8 nhân,Android 15,13 MP,5MP,6100,166.6x78.5x8.61,205,5,1,https://www.duchuymobile.com/images/detailed/89/oppo-a6x-xanh.jpg
OPPO A6x,OPPO,4549000,6,256,6.75,720x1570,Snapdragon 685 8 nhân,Android 15,13 MP,5MP,6100,166.6x78.5x8.61,205,5,1,https://www.duchuymobile.com/images/detailed/89/oppo-a6x-xanh_spmh-7l.jpg
Vivo Y50s 5G,Vivo,6759000,6,256,6.74,600x720,Dimensity 6300,"Android 15, OriginOS 5",13MP,5 MP,6000,,,5,1,https://www.duchuymobile.com/images/detailed/89/vivo-y50s-5g.jpg
Vivo Y50e 5G,Vivo,5639000,6,128,6.74,600x720,Dimensity 6300,"Android 15, OriginOS 5",13MP,5 MP,6000,,,5,1,https://www.duchuymobile.com/images/detailed/89/vivo-y50s-5g_qena-ew.jpg
,Motorola,39499000,,,8.09,2200x2480,Snapdragon 8 Gen 5 (3 nm),Android 16,50 + 50 + 50 MP,20 + 32 MP,,,,5,1,https://www.duchuymobile.com/images/detailed/89/motorola-razr-fold.jpg
Vivo Y500i 5G,Vivo,5639000,8,128,6.75,720x1570,Snapdragon 4 Gen 2 (4 nm),"Android 16, OriginOS 6",50 MP,5 MP,7200,,,5,1,https://www.duchuymobile.com/images/detailed/89/vivo-y500i-dh.jpg
realme C85 Pro,Realme,5049000,8,128,6.8,1080x2344,Snapdragon 685 8 nhân,Android 15,Chính 50 MP & Cảm biến Flicker,8MP,7000,164.4x77.99x8.09,205,5,1,https://www.duchuymobile.com/images/detailed/86/realme-c85-pro-tim.jpg
OPPO A6T,OPPO,2899000,4,64,6.75,720x1570,Snapdragon 685 8 nhân,Android 15,Chính 13 MP & Phụ QVGA,5MP,6100,166.6x78.5x8.61,205,5,1,https://www.duchuymobile.com/images/detailed/89/oppo-a6t-tim.jpg
OPPO A6T,OPPO,3299000,4,128,6.75,720x1570,Snapdragon 685 8 nhân,Android 15,Chính 13 MP & Phụ QVGA,5MP,6100,166.6x78.5x8.61,205,5,1,https://www.duchuymobile.com/images/detailed/89/oppo-a6t-xanh-duong.jpg
OPPO A6T,OPPO,4099000,6,256,6.75,720x1570,Snapdragon 685 8 nhân,Android 15,Chính 13 MP & Phụ QVGA,5MP,6100,166.6x78.5x8.61,205,5,1,https://www.duchuymobile.com/images/detailed/89/oppo-a6t-xanh-duong_pttu-ea.jpg
realme C85 Pro,Realme,5589000,8,256,6.8,1080x2344,Snapdragon 685 8 nhân,Android 15,Chính 50 MP & Cảm biến Flicker,8 MP,7000,164.4x77.99x8.09,205,5,1,https://www.duchuymobile.com/images/detailed/86/realme-c85-pro-xanh.jpg
Motorola Moto G06 POWER,Motorola,2369000,4,128,6.88,720x1640,Helio G81 Extreme 8 nhân,Android 15,50 MP,8 MP,7000,171.35x77.50x8.82,220,5,1,https://www.duchuymobile.com/images/detailed/87/motorola-moto-g06-power-nau.jpg
Huawei Mate 70 Air,Huawei,15459000,12,256,7,2760x1320,Kirin 9020B,HarmonyOS 5.1,50 + 8 + 12 MP,10.7MP,6500,,,5,1,https://www.duchuymobile.com/images/detailed/86/huawei-mate-70.jpg
Samsung Galaxy A17 5G,Samsung,3899000,4,128,90,1080x2340,Exynos 1330,Android 15,"Chính 50 MP & Phụ 5 MP, 2 MP",13 MP,5000,164.4x77.9x7.5,Nặn,5,3,https://www.duchuymobile.com/images/detailed/86/samsung-galaxy-a17-5g-den.jpg
OPPO Find X9 5G,OPPO,17599000,12,256,6.59,1256x2760,Dimensity 9500 8 nhân,Android 16,"Chính 50 MP & Phụ 50 MP, 50 MP, 2 MP",32 MP,7.025,156.98x73.93x7.99,203,5,3,https://www.duchuymobile.com/images/detailed/86/oppo-find-x9-mau-den.jpg
Motorola Moto G86 POWER 5G,Motorola,5389000,8,128,6.67,1220x2712,Dimensity 7400 8 nhân,Android 15,50 + 8 MP,32 MP,5200,161.21x74.74x7.87,185,5,1,https://www.duchuymobile.com/images/detailed/87/motorola-moto-g86-power-5g-xanh-duong.jpg
Vivo S50 5G,Vivo,11799000,12,256,6.59,1260x2750,Snapdragon 8s Gen 3 (4 nm),"Android 16, OriginOS 6",50 + 50 + 8 MP,"50 MP, f/2.0",6500,157.5x74.3x7.6,196,5,1,https://www.duchuymobile.com/images/detailed/88/vivo-s50.jpg
Vivo S50 Pro Mini 5G,Vivo,13799000,12,256,6.31,1216x2640,Snapdragon 8 Gen 5,"Android 16, OriginOS 6",50 + 50 + 8MP,"50 MP, f/2.0",6500,150.8x71.8x8,191,5,1,https://www.duchuymobile.com/images/detailed/88/vivo-s50-pro-mini-den.jpg
Xiaomi POCO X7 5G,Xiaomi,7419000,12,512,6.67,2712x1220,Dimensity 7300-Ultra 4nm,Xiaomi HyperOS,50 + 8 + 2 MP,"20 MP, f/2.2",5110,162.33x74.42x8.4,"185,5",5,1,https://www.duchuymobile.com/images/detailed/86/poco-x7-xanh-la.jpg
HONOR X6b Plus,HONOR,3109000,8,256,6.56,612x720,Helio G85 8 nhân,"Android 14, MagicOS 8",50 + 2 MP,"8 MP, f/2.0",5100,,192,5,1,https://www.duchuymobile.com/images/detailed/87/honor-x6b-plus.jpg
Honor Magic V3 5G,HONOR,17999000,12,512,7.92,2156x2344,Snapdragon 8 Gen 3 (4 nm),Android 14,3 Camera (50 + 50 + 40 MP),20 MP,5150,156.6x145.3x74,Nặn,5,1,https://www.duchuymobile.com/images/detailed/87/honor-magic-v3.jpg
Motorola Moto G67 Power 5G,Motorola,4749000,8,128,6.7,1080x2400,Snapdragon 7s Gen 2 (4 nm),Android 16,50 + 8 MP,32 MP,7000,166.2x76.5x8.6,210,5,1,https://www.duchuymobile.com/images/detailed/87/motorola-moto-g67-power.jpg
HONOR X8d,HONOR,5999000,8,128,6.77,1080x2392,Snapdragon 6s 4G Gen 2,"Android 15, MagicOS 10",108 + 5 MP,16 MP,7000,162.9x76.3x7.5,188,5,1,https://www.duchuymobile.com/images/detailed/88/honor-x8d.jpg
vivo Y19s 5G,Vivo,3259000,4,128,6.74,600x720,Dimensity 6300,Android 15,13 + 0.08MP,5 MP,6000,,,5,1,https://www.duchuymobile.com/images/detailed/87/vivo-y19s-gt-5g.jpg
Tecno Spark Go 2,Tecno,2399000,3,128,6.67,720x1600,Unisoc T7250 8 nhân,Android 15 Go edition,13 MP,8 MP,5000,165.6x77x8.25,185,5,3,https://www.duchuymobile.com/images/detailed/87/tecno-spark-go-2-den.jpg
Motorola Moto G57 Power 5G,Motorola,8439000,8,256,6.72,1080x2400,Snapdragon 6s Gen 4 (4 nm),Android 16,50 + 8 MP,8 MP,7000,166.2x76.5x8.6,210.6,5,1,https://www.duchuymobile.com/images/detailed/87/motorola-moto-g57-power.jpg
Motorola Moto G57 5G,Motorola,7529000,8,256,6.72,1080x2400,Snapdragon 6s Gen 4 (4 nm),Android 16,50 + 8 MP,8 MP,5200,,,5,1,https://www.duchuymobile.com/images/detailed/87/motorola-moto-g57.jpg
Motorola Moto G,Motorola,5259000,4,128,6.7,720x1604,Dimensity 6300 (6 nm),Android 16,50 + 2 MP,32 MP,5200,167.2x76.4x8.5,202,5,1,https://www.duchuymobile.com/images/detailed/87/motorola-moto-g-2026.jpg
Motorola Moto G Play,Motorola,4469000,4,64,6.7,720x1604,Dimensity 6300 (6 nm),Android 16,32 MP,8 MP,5200,167.2x76.4x8.5,202,5,1,https://www.duchuymobile.com/images/detailed/87/motorola-moto-g-play-2026.jpg
HONOR Play 10,HONOR,1869000,4,128,6.74,720x1600,Helio G81 (12 nm),Android 15 (Go edition),13MP,5MP,5000,167.7x77.7x8.6,189,5,1,https://www.duchuymobile.com/images/detailed/87/honor-play-10-den.jpg
iPhone 17 Pro Max 256GB,Apple,35999000,12,256,6.9,1320x2868,Apple A19 Pro,iOS 26,48 + 48 + 48 MP,Camera 18MP Center Stage Khẩu độ ƒ/1.9,đến 37 giờ,163.4x78x8.75,231,5,3,https://www.duchuymobile.com/images/detailed/84/iphone-17-pro-max-cam.jpg
OnePlus Ace 6T 5G,OnePlus,9599000,12,256,6.83,1272x2800,Snapdragon 8 Gen 5,"Android 16, ColorOS 16",50 + 8 MP,16 MP,8300,163.4x77x8.1,211,5,1,https://www.duchuymobile.com/images/detailed/88/oneplus-ace-6t-xanh.jpg
OPPO Reno15c 5G,OPPO,10799000,12,256,6.59,1256x2760,Snapdragon 7 Gen 4 (4 nm),"Android 16, ColorOS 16",50 + 50 + 8MP,"50 MP, f/2.0",6500,,,5,1,https://www.duchuymobile.com/images/detailed/88/oppo-reno-15c-mau-xanh.jpg
vivo Y21d,Vivo,4169000,4,128,6.68,608x720,Unisoc T7225 (12nm),Android 15,50 + 0.08 MP,5 MP,6.500,,,5,1,https://www.duchuymobile.com/images/detailed/87/vivo-y21d-tim.jpg
Tecno Spark 40C,Tecno,2209000,4,128,6.67,720x1600,MediaTek Helio G81,Android 15,13 MP,8 MP,6000,165.66x77x8.25,193,5,1,https://www.duchuymobile.com/images/detailed/87/tecno-spark-40c-den.jpg
HONOR X9d 5G,HONOR,9399000,12,512,6.79,1200x2640,Snapdragon 6 Gen 4 (4 nm),"Android 15, Magic OS 9",108 + 5 MP,"16 MP, f/2.5, (wide)",8300,161.9x76.1x7.76,193,5,2,https://www.duchuymobile.com/images/detailed/88/honor-x9d-vang.jpg
Samsung Galaxy A06 5G,Samsung,2099000,4,64,6.7,720x1600,Dimensity 6300 5G 8 nhân,Android 15,Chính 50 MP & Phụ 2 MP,8MP,5000,167.3x77.3x8,191,5,3,https://www.duchuymobile.com/images/detailed/87/samsung-galaxy-a06-5g-bac.jpg
Huawei Enjoy 70X Premium,Huawei,7039000,8,256,6.78,,Kirin 8000,HarmonyOS 4.0,50 + 2MP,8MP,6100,,,5,1,https://www.duchuymobile.com/images/detailed/87/huawei-enjoy-70x-premium.jpg
HONOR X9d 5G,HONOR,8399000,12,256,6.79,1200x2640,Snapdragon 6 Gen 4 (4 nm),"Android 15, Magic OS 9",108 + 5 MP,"16 MP, f/2.5, (wide)",8300,161.9x76.1x7.76,193,5,4,https://www.duchuymobile.com/images/detailed/88/honor-x9d-do-nau.jpg
ZTE nubia V80 Pro,Nubia,3399000,8,256,6.75,900x1940,Unisoc T7280 (12 nm),Android 16,Chính 108 MP,16 MP,5000,166x79x7.7,195,5,1,https://www.duchuymobile.com/images/detailed/87/zte-nubia-v80-pro.jpg
Honor 500 5G,HONOR,11129000,12,512,6.55,1264x2736,Snapdragon 8s Gen 4 (4 nm),"Android 16, MagicOS 10",200 + 12 MP,50 MP,8000,155.8x74.2x7.8,198,5,1,https://www.duchuymobile.com/images/detailed/87/honor-500-trang.jpg
Honor 500 5G,HONOR,12239000,16,512,6.55,1264x2736,Snapdragon 8s Gen 4 (4 nm),"Android 16, MagicOS 10",200 + 12 MP,50 MP,8000,155.8x74.2x7.8,198,5,1,https://www.duchuymobile.com/images/detailed/87/honor-500-den.jpg
Honor 500 Pro 5G,HONOR,14469000,12,512,6.55,1264x2736,Snapdragon 8 Elite (3 nm),"Android 16, MagicOS 10",200 + 50 + 12 MP,50 MP,8000,155.8x74.2x7.8,201,5,1,https://www.duchuymobile.com/images/detailed/87/honor-500-pro-bac.jpg
Honor 500 Pro 5G,HONOR,15579000,16,512,6.55,1264x2736,Snapdragon 8 Elite (3 nm),"Android 16, MagicOS 10",200 + 50 + 12 MP,50 MP,8000,155.8x74.2x7.8,201,5,1,https://www.duchuymobile.com/images/detailed/87/honor-500-pro-hong.jpg
Honor 500 Pro 5G,HONOR,17799000,16,1024,6.55,1264x2736,Snapdragon 8 Elite (3 nm),"Android 16, MagicOS 10",200 + 50 + 12 MP,50 MP,8000,155.8x74.2x7.8,201,5,1,https://www.duchuymobile.com/images/detailed/87/honor-500-pro-xanh_us5i-s2.jpg
Samsung Galaxy A07,Samsung,3199000,8,256,6.7,720x1600,MediaTek Helio G99,Android 15,Chính 50 MP & Phụ 2 MP,8MP,5000,167.4x77.4x7.6,184,5,3,https://www.duchuymobile.com/images/detailed/87/samsung-galaxy-a07-xanh-la.jpg
Red Magic 11 Air 5G,,13169000,12,256,6.85,1216x2688,Snapdragon 8 Elite (3 nm),"Android 16, Redmagic OS 11",50 + 8 + 8 MP,"16 MP, f/2.0",7000,163.8x76.5x8,207,5,1,https://www.duchuymobile.com/images/detailed/89/red-magic-11-air.jpg
ZTE nubia Flip 3 5G,Nubia,6999000,6,128,6.9,1188x2790,Dimensity 7400X (4 nm),Android 15,50 + 12 MP,32 MP,4610,170x76x7.5,187,5,1,https://www.duchuymobile.com/images/detailed/88/nubia-flip-3.jpg
OPPO A6x 5G,OPPO,3659000,4,64,6.75,720x1570,Dimensity 6300,"Android 15, ColorOS 15",13 MP,5MP,6500,166.6x78.5x8.6,212,5,1,https://www.duchuymobile.com/images/detailed/88/oppo-a6x-5g.jpg
Xiaomi Poco F8 Pro 5G,Xiaomi,15999000,12,512,6.59,1156x2510,Snapdragon 8 Elite (3 nm),Xiaomi HyperOS 3,50 + 50 + 8 MP,20 MP,6210,157.5x75.3x8,199,5,1,https://www.duchuymobile.com/images/detailed/88/poco-f8-pro-den.jpg
Xiaomi Poco F8 Ultra 5G,Xiaomi,16999000,16,512,6.9,1200x2608,Snapdragon 8 Elite Gen 5 (3 nm),"Android 16, HyperOS 3",50 + 50 + 50 MP,32 MP,6500,163.3x77.8x7.9,218,5,1,https://www.duchuymobile.com/images/detailed/88/poco-f8-ultra-den.jpg
Xiaomi Redmi 15 5G,Xiaomi,5029000,8,256,6.9,1080x2340,Snapdragon 6s Gen 3 (6 nm),Xiaomi HyperOS 2,50 MP + Ống kính phụ,8 MP,7000,169.48x80.45x8.4,217,5,1,https://www.duchuymobile.com/images/detailed/88/xiaomi-redmi-15-5g-den.jpg
HONOR Play 60A 5G,HONOR,5959000,4,128,6.75,720x1600,Dimensity 6300 (6 nm),"Android 15, MagicOS 9",13 MP,5 MP,5300,167x77x7.9,186,5,1,https://www.duchuymobile.com/images/detailed/88/honor-play-60a.jpg
OPPO A6x,OPPO,3199000,4,64,6.75,720x1570,Snapdragon 685 8 nhân,Android 15,13 MP,5MP,6100,166.6x78.5x8.61,205,5,1,https://www.duchuymobile.com/images/detailed/88/oppo-a6x-4g.jpg
HONOR X9d 5G,HONOR,6799000,8,256,6.79,1200x2640,Snapdragon 6 Gen 4 (4 nm),"Android 15, Magic OS 9",108 + 5 MP,"16 MP, f/2.5, (wide)",8300,161.9x76.1x7.76,193,5,1,https://www.duchuymobile.com/images/detailed/88/honor-x9d-den_0kho-74.jpg
Realme Narzo 90 5G,Realme,4929000,6,128,6.57,1080x2372,Dimensity 6400 Max (6 nm),"Android 15, Realme UI 6.0",50 MP + Auxiliary lens,"50 MP, f/2.4",7000,158.4x75.2x7.8,181,5,1,https://www.duchuymobile.com/images/detailed/88/realme-narzo-90-5g.JPG
Realme Narzo 90x 5G,Realme,4059000,6,128,6.8,720x1570,Dimensity 6300 (6 nm),"Android 15, Realme UI 6.0",50 MP,8 MP,7000,166.1x77.9x8.3,212,5,1,https://www.duchuymobile.com/images/detailed/88/realme-narzo-90x-5g.jpg
Xiaomi 17 Pro 5G,Xiaomi,18499000,12,256,6.73,1440x3200,Snapdragon 8 Elite (3 nm),"Android 15, HyperOS 2",Leica lens 50+50+50 MP,"32 MP, f/2.0, 22mm (wide), 0.7µm",6100,161.3x75.3x8.4,213,5,1,https://www.duchuymobile.com/images/detailed/85/dien-thoai-xiaomi-17-pro-256gb.png
Xiaomi 17 5G,Xiaomi,17799000,12,512,6.3,1220x2656,Snapdragon 8 Elite Gen 5,"Android 16, HyperOS 3",Leica 50M + 50MP + 50MP,"50 MP, f/2.2, 21mm (wide), PDAF",7000,151.1x71.8x8.1,191,5,1,https://www.duchuymobile.com/images/detailed/85/dien-thoai-xiaomi-17-5g-512gb.png
Xiaomi 15T 5G,Xiaomi,9799000,12,512,6.83,1280x2772,Dimensity 8400 Ultra (4 nm),"Android 15, HyperOS 2",50 + 50 + 12 MP Leica lens,32 MP,5500,163.2x78x7.5,194,5,3,https://www.duchuymobile.com/images/detailed/85/xiaomi-15t-5g-den.jpg
Xiaomi 15T 5G,Xiaomi,9599000,12,256,6.83,1280x2772,Dimensity 8400 Ultra (4 nm),"Android 15, HyperOS 2",50 + 50 + 12 MP Leica lens,32 MP,5500,163.2x78x7.5,194,5,4,https://www.duchuymobile.com/images/detailed/85/xiaomi-15t-5g-vang-hong.jpg
Xiaomi 15T Pro 5G,Xiaomi,13499000,12,512,6.83,1280x2772,Dimensity 9400+ (3 nm),"Android 15, HyperOS 2",50 + 50 + 12 MP Leica lens,"32 MP, (wide)",5500,162.7x77.9x7.96,210,5,3,https://www.duchuymobile.com/images/detailed/85/xiaomi-15t-pro-xam.JPG
Red Magic 11 Pro Plus 5G,,21099000,12,256,6.85,1216x2688,Snapdragon 8 Elite Gen 5 (3 nm),"Android 16, Redmagic OS 11",50 + 50 + 2 MP,"16 MP, f/2.0",7500,163.8x76.5x8.9,230,5,1,https://www.duchuymobile.com/images/detailed/86/nubia-red-magic-11-pro-plus-den.jpg
RedMagic 11 Pro 5G,RedMagic,17599000,12,256,6.85,1216x2688,Snapdragon 8 Elite Gen 5 (3 nm),Android 16,50 + 50 + 2 MP,"16 MP, f/2.0",8000,163.8x76.5x8.9,230,5,1,https://www.duchuymobile.com/images/detailed/88/red-magic-11-pro-mau-den.jpg
Huawei Nova 14i,Huawei,4999000,8,128,6.95,1080x2376,Snapdragon 680 4G (6 nm),EMUI 14.2,50 + 2 MP,8 MP,7000,,171.6 x 79.9 x 8.9 mm,5,1,https://www.duchuymobile.com/images/detailed/86/huawei-nova-14i.jpg
Honor Magic V5 5G,HONOR,33999000,16,512,7.95,2172x2352,Snapdragon 8 Elite (3 nm),Android 15,"Chính 50 MP & Phụ 50 MP, 64 MP",20 + 20 MP,5820,156.8x145.9x74.3,Khun,5,4,https://www.duchuymobile.com/images/detailed/86/dien-thoai-honor-magic-v5.png
iPhone Air 1TB,Apple,37499000,12,1024,6.5,1260x2736,Apple A19 Pro (3 nm),iOS 26,48 MP,"18 MP multi-aspect, f/1.9, (wide), PDAF, OIS",27 giờ,156.2x74.7x5.64,,5,1,https://www.duchuymobile.com/images/detailed/85/iphone-air-den_gdxx-sf_kfmd-9d_wqat-0q_qcif-x4.jpg
iPhone 17 Pro Max 1TB,Apple,45999000,12,1024,6.9,1320x2868,Apple A19 Pro,iOS 26,48 + 48 + 48 MP,Camera 18MP Center Stage Khẩu độ ƒ/1.9,đến 37 giờ,163.4x78x8.75,231,5,1,https://www.duchuymobile.com/images/detailed/85/iphone-17-pro-max-bac_ozxa-ka_xg2w-5y.jpg
iPhone 17 Pro Max 2TB,Apple,45999000,12,2048,6.9,1320x2868,Apple A19 Pro,iOS 26,48 + 48 + 48 MP,Camera 18MP Center Stage Khẩu độ ƒ/1.9,đến 37 giờ,163.4x78x8.75,231,5,1,https://www.duchuymobile.com/images/detailed/85/iphone-17-pro-max-bac_ozxa-ka_xg2w-5y_n4x4-6r.jpg
iPhone 17 Pro 1TB,Apple,40199000,12,1024,6.3,1206x2622,Apple A19 Pro,iOS 26,48 + 48 + 48 MP,"18 MP multi-aspect, f/1.9, (wide), PDAF, OIS",31 giờ,150x71.9x8.75,204,5,1,https://www.duchuymobile.com/images/detailed/85/iphone-17-pro-xanh-dam_nmuu-zm_etx7-dv.jpg
iPhone 17 Pro Max 256GB,Apple,34999000,12,256,6.9,1320x2868,Apple A19 Pro,iOS 26,48 + 48 + 48 MP,Camera 18MP Center Stage Khẩu độ ƒ/1.9,đến 37 giờ,163.4x78x8.75,231,5,1,https://www.duchuymobile.com/images/detailed/85/iphone-17-pro-max-bac.jpg
iPhone Air 256GB,Apple,25799000,12,256,6.5,1260x2736,Apple A19 Pro (3 nm),iOS 26,48 MP,"18 MP multi-aspect, f/1.9, (wide), PDAF, OIS",27 giờ,156.2x74.7x5.64,,5,1,https://www.duchuymobile.com/images/detailed/85/iphone-air-den_gdxx-sf_kfmd-9d_wqat-0q.jpg
iPhone 17 512GB,Apple,25349000,8,512,6.3,1206x2622,Apple A19 (3 nm),iOS 26,48 + 48 MP,"18 MP multi-aspect, f/1.9, (wide), PDAF, OIS",30 giờ,149.6x71.5x7.95,,5,1,https://www.duchuymobile.com/images/detailed/85/iphone-17-den_6ml9-x8.jpg
Honor X5c,HONOR,2099000,4,64,6.74,720x1600,Helio G81 (12 nm),"Android 15, MagicOS 9",13 + 0.08 MP,"5 MP, f/2.2",5260,,,5,1,https://www.duchuymobile.com/images/detailed/86/honor-x5c.jpg
iPhone 17 Pro Max 512GB,Apple,40999000,12,512,6.9,1320x2868,Apple A19 Pro,iOS 26,48 + 48 + 48 MP,Camera 18MP Center Stage Khẩu độ ƒ/1.9,đến 37 giờ,163.4x78x8.75,231,5,1,https://www.duchuymobile.com/images/detailed/85/iphone-17-pro-max-bac_ozxa-ka.jpg
iPhone 17 Pro 512GB,Apple,34349000,12,512,6.3,1206x2622,Apple A19 Pro,iOS 26,48 + 48 + 48 MP,"18 MP multi-aspect, f/1.9, (wide), PDAF, OIS",31 giờ,150x71.9x8.75,204,5,1,https://www.duchuymobile.com/images/detailed/85/iphone-17-pro-xanh-dam_nmuu-zm.jpg
iPhone 17 Pro 256GB,Apple,28490000,12,256,6.3,1206x2622,Apple A19 Pro,iOS 26,48 + 48 + 48 MP,"18 MP multi-aspect, f/1.9, (wide), PDAF, OIS",31 giờ,150x71.9x8.75,204,5,1,https://www.duchuymobile.com/images/detailed/85/iphone-17-pro-xanh-dam.jpg
iPhone Air 512GB,Apple,31649000,12,512,6.5,1260x2736,Apple A19 Pro (3 nm),iOS 26,48 MP,"18 MP multi-aspect, f/1.9, (wide), PDAF, OIS",27 giờ,156.2x74.7x5.64,,5,1,https://www.duchuymobile.com/images/detailed/85/iphone-air-den_gdxx-sf_kfmd-9d_wqat-0q_1g2o-jo.jpg
iPhone 17 Pro Max 2TB,Apple,62999000,12,2048,6.9,1320x2868,Apple A19 Pro,iOS 26,48 + 48 + 48 MP,Camera 18MP Center Stage Khẩu độ ƒ/1.9,đến 37 giờ,163.4x78x8.75,231,5,3,https://www.duchuymobile.com/images/detailed/84/iphone-17-pro-max-cam_lb8m-f4.jpg
iPhone 17 256GB,Apple,19499000,8,256,6.3,1206x2622,Apple A19 (3 nm),iOS 26,48 + 48 MP,"18 MP multi-aspect, f/1.9, (wide), PDAF, OIS",30 giờ,149.6x71.5x7.95,,5,1,https://www.duchuymobile.com/images/detailed/85/iphone-17-den.jpg
iPhone Air 1TB,Apple,39999000,12,1024,6.5,1260x2736,Apple A19 Pro (3 nm),iOS 26,48 MP,"18 MP multi-aspect, f/1.9, (wide), PDAF, OIS",27 giờ,156.2x74.7x5.64,,5,3,https://www.duchuymobile.com/images/detailed/84/iphone-air-vang.jpg
OPPO Reno15c 5G,OPPO,11899000,12,512,6.59,1256x2760,Snapdragon 7 Gen 4 (4 nm),"Android 16, ColorOS 16",50 + 50 + 8MP,"50 MP, f/2.0",6500,,,5,1,https://www.duchuymobile.com/images/detailed/88/oppo-reno-15c-mau-xanh_cxb0-u5.jpg
Samsung Galaxy A07 5G,Samsung,3549000,4,128,6.74,720x1600,MediaTek Dimensity 6300 5G 8 nhân,Android 16,Chính 50 MP & Phụ 2 MP,8MP,6000,167.4x77.4x8.2,195,5,1,https://www.duchuymobile.com/images/detailed/89/galaxy-a07-5g-xanh-ngoc-bich.jpg
Xiaomi Redmi Note 15 5G,Xiaomi,5299000,6,128,6.77,1080x2392,Snapdragon 6 Gen 3 8 nhân,Xiaomi HyperOS 2,Chính 108 MP & Phụ 8 MP,20MP,5520,164x75.42x7.35,178,5,3,https://www.duchuymobile.com/images/detailed/89/xiaomi-redmi-note-15-5g-xanh.png
HONOR WIN RT 5G,HONOR,10089000,12,256,6.83,1272x2800,Snapdragon 8 Elite (3 nm),"Android 16, MagicOS 10",50 + 12 MP,"50 MP, f/2.0",10000,163.1x76.6x8.3,225,5,1,https://www.duchuymobile.com/images/detailed/88/honor-win-rt.jpg
OPPO A6L 5G,OPPO,6699000,12,256,6.8,,Snapdragon 7 Gen 3,"Android 15, ColorOS 15",50 + 2 MP,32MP,7000,,,5,1,https://www.duchuymobile.com/images/detailed/88/oppo-a6l.jpg
Xiaomi Redmi Note 15 Pro 4G,Xiaomi,7699000,12,256,6.77,1080x2392,Helio G200-Ultra 8 nhân,Xiaomi HyperOS 2.2,Chính 200MP & Phụ 8 MP,32MP,6500,163.22x76.29x7.96,195,5,3,https://www.duchuymobile.com/images/detailed/89/redmi-note-15-pro-den.png
HONOR Win 5G,HONOR,14959000,12,256,6.83,1272x2800,Snapdragon 8 Elite Gen 5 (3 nm),"Android 16, MagicOS 10",50 + 50 + 12 MP,"50 MP, f/2.0",10000,163.1x76.6x8.3,229,5,1,https://www.duchuymobile.com/images/detailed/88/honor-win-xanh.jpg
realme C85,Realme,4629000,6,128,6.8,720x1570,Snapdragon 685 8 nhân,Android 15,Chính 50 MP & Cảm biến Flicker,8MP,7000,166.18x78.03x8.38,212,5,1,https://www.duchuymobile.com/images/detailed/88/realme-c85.jpg
Motorola Moto G Power,Motorola,7899000,8,128,6.8,1080x2388,Dimensity 6300 (6 nm),Android 16,50 + 8 MP,32 MP,5200,,,5,1,https://www.duchuymobile.com/images/detailed/88/motorola-moto-g-power-2026.jpg
RedMagic 11 Pro 5G,RedMagic,21499000,16,512,6.85,1216x2688,Snapdragon 8 Elite Gen 5 (3 nm),Android 16,50 + 50 + 2 MP,"16 MP, f/2.0",8000,163.8x76.5x8.9,230,5,1,https://www.duchuymobile.com/images/detailed/88/red-magic-11-pro-bac.jpg
OPPO Reno15 Pro 5G,OPPO,16799000,12,512,6.32,1216x2649,Dimensity 8450 5G 8 nhân,"Android 16, ColorOS 16",200MP + 50MP + 50MP,50 MP,6200,151.21x72.42x8.13,,5,3,https://www.duchuymobile.com/images/detailed/88/oppo-reno15-pro-xanh.jpg
OPPO Reno15 Pro Mini 5G,OPPO,17519000,12,512,6.32,1216x2640,Dimensity 8450 (4 nm),"Android 16, ColorOS 16",200 + 50 + 50 MP,"50 MP,",6200,151.2x72.4x8,187,5,1,https://www.duchuymobile.com/images/detailed/89/oppo-reno15-pro-mini-xanh.jpg
OPPO Reno15 Pro 5G,OPPO,15899000,12,256,6.32,1216x2649,Dimensity 8450 5G 8 nhân,"Android 16, ColorOS 16",200MP + 50MP + 50MP,50 MP,6200,151.21x72.42x8.13,,5,3,https://www.duchuymobile.com/images/detailed/88/oppo-reno15-pro-5g-nau.jpg
Xiaomi Redmi Note 15 Pro 4G,Xiaomi,7099000,8,256,6.77,1080x2392,Helio G200-Ultra 8 nhân,Xiaomi HyperOS 2.2,Chính 200MP & Phụ 8 MP,32MP,6500,163.22x76.29x7.96,195,5,4,https://www.duchuymobile.com/images/detailed/89/redmi-note-15-pro-vang.png
Xiaomi Redmi Note 15 5G,Xiaomi,6469000,8,256,6.77,1080x2392,Snapdragon 6 Gen 3 8 nhân,Xiaomi HyperOS 2,Chính 108 MP & Phụ 8 MP,20MP,5520,164x75.42x7.35,178,5,3,https://www.duchuymobile.com/images/detailed/89/xiaomi-redmi-note-15-5g-den.png
Vivo iQOO Z11 Turbo 5G,Vivo,10169000,12,256,6.59,1260x2750,Snapdragon 8 Gen 5 (3 nm),"Android 16, OriginOS 6",200 + 8 MP,32 MP,7600,157.6x74.4x7.9,202,5,1,https://www.duchuymobile.com/images/detailed/89/vivo-iqoo-z11-turbo-11-xanh.jpg
Oppo Reno15 FS 5G,OPPO,12239000,8,256,6.57,1080x2372,Snapdragon 6 Gen 1 (4 nm),"Android 16, ColorOS 16",50 + 8 + 2 MP,"50 MP, f/2.0",6500,158.2x74.9x8.2,189,5,1,https://www.duchuymobile.com/images/detailed/88/oppo-reno15-fs-5g.jpg
HONOR Play 10A,HONOR,2999000,4,128,6.75,,Dimensity 6300,"Android 15, Magic OS 9",13MP,5MP,5300,,,5,1,https://www.duchuymobile.com/images/detailed/88/honor-play-10a.jpg
OPPO A6s 5G,OPPO,5999000,6,128,6.75,1570x720,Dimensity 6300,ColorOS 15.0,50 + 2MP,16MP,7000,,,5,1,https://www.duchuymobile.com/images/detailed/89/oppo-a6s-5g-trang.jpg
OPPO A6c,OPPO,2999000,6,128,6.75,,Snapdragon 685,ColorOS 15.0,13MP,5MP,6500,166.61x78.51x8.61,210,5,1,https://www.duchuymobile.com/images/detailed/89/oppo-a6c-xanh.jpg
Oppo Reno 15 FS 5G,OPPO,12239000,8,256,6.57,1080x2372,Snapdragon 6 Gen 1 5G 8 nhân,ColorOS 16 (Android 16),"Chính 50 MP & Phụ 8 MP, 2 MP",50 MP,6500,,,5,1,https://www.duchuymobile.com/images/detailed/89/oppo-reno-15-fs-5g.jpg
Honor X5c Plus,HONOR,2749000,4,128,6.74,720x1600,Helio G81 (12 nm),"Android 15, MagicOS 9",Chính 50 MP & Ống kính phụ,"5 MP, f/2.2",5260,167x77x7.9,186,5,1,https://www.duchuymobile.com/images/detailed/89/honor-x5c-plus-xanh.jpg
Motorola Moto G17,Motorola,5379000,4,128,6.72,1080x2400,Helio G81 Extreme (12 nm),Android 15,50MP + 5MP,32 MP,5200,,,5,1,https://www.duchuymobile.com/images/detailed/89/motorola-moto-g17.jpg
Motorola Moto G17 Power,Motorola,6999000,8,256,6.72,1080x2400,Helio G81 Extreme (12 nm),Android 15,50 + 5 MP,32 MP,6000,,,5,1,https://www.duchuymobile.com/images/detailed/89/motorola-moto-g17-power.jpg
Realme 16 5G,Realme,10249000,12,256,6.57,2372x1080,Dimensity 6400 Turbo 8 nhân,Android 16,Chính 50 MP & Phụ 2 MP,50MP,7000,158.3x75.13x8.1,183,5,1,https://www.duchuymobile.com/images/detailed/89/realme-16-den.jpg
OPPO A6v,OPPO,4499000,8,256,6.57,,Dimensity 6300,"Android 15, ColorOS 15",50 + 2 MP,16MP,7000,,,5,1,https://www.duchuymobile.com/images/detailed/89/oppo-a6v.jpg
OPPO A6i+,OPPO,5599000,8,256,6.75,1280x2800,Dimensity 6300,"Android 15, ColorOS 15",50 + 2 MP,5 MP,7000,,,5,1,https://www.duchuymobile.com/images/detailed/89/oppo-a6i-plus.JPG
Nubia Blade A34,Nubia,1599000,4,64,6.6,720x1612,Unisoc SC9863A (28 nm),Android 13 (Go edition),8 MP,5MP,5000,164x75.8x8.8,,5,1,https://www.duchuymobile.com/images/detailed/89/nubia-blade-a34-den.jpg
vivo Y11d 4G,Vivo,2999000,4,128,6.74,1600x720,"Unisoc T7225,",Android,50 + 0.08MP,5MP,6500,,,5,1,https://www.duchuymobile.com/images/detailed/89/vivo-y11d-den.jpg
vivo Y05 4G,Vivo,2629000,4,64,6.74,600x720,Unisoc T7225,Android 16,8MP,5MP,6500,,,5,1,https://www.duchuymobile.com/images/detailed/89/vivo-y05.jpg
HONOR X8d,HONOR,6999000,8,256,6.77,1080x2392,Snapdragon 6s 4G Gen 2,"Android 15, MagicOS 10",108 + 5 MP,16 MP,7000,162.9x76.3x7.5,188,5,1,https://www.duchuymobile.com/images/detailed/89/honor-x8d.jpg
Xiaomi 13T 5G,Xiaomi,8499000,8,256,6.67,1220x2712,MediaTek Dimensity 8200-Ultra,"Android 13, MIUI 14","Chính 50 MP & Phụ 50 MP, 12 MP",20 MP,5000,,,5,1,https://www.duchuymobile.com/images/detailed/63/xiaomi-13t-5g-xanh_vbje-9q.jpg
